seed,snr_db,aoa_std_deg,method,label,mae_m,rmse_m,p90_m,p95_m
11,0,14.514365903196108,fl_static_no_densification,Federated static DNN without temporal densification,0.51280165,0.6646175,0.95246494,1.2689818
11,0,14.514365903196108,single_pd_lstm_central,Single-PD/RSS LSTM (centralized),1.6393232,1.7759748,2.5277252,2.7781258
11,0,14.514365903196108,adr_tcn_central,ADR TCN-only (centralized),0.4631131,0.5607549,0.86438453,1.0577867
11,0,14.514365903196108,adr_lstm_central,ADR LSTM-only (centralized),0.4629643,0.56072694,0.86462814,1.0577867
11,0,14.514365903196108,adr_tcn_lstm_central,ADR TCN-LSTM (centralized),0.46106604,0.55935824,0.86438453,1.0577867
11,0,14.514365903196108,adr_tcn_lstm_federated,Proposed ADR TCN-LSTM (federated),0.4661156,0.5635105,0.86482,1.0615184
11,5,9.678112569110613,fl_static_no_densification,Federated static DNN without temporal densification,0.34392878,0.5012468,0.5982596,0.7984426
11,5,9.678112569110613,single_pd_lstm_central,Single-PD/RSS LSTM (centralized),1.3687716,1.5116597,2.1984606,2.4525895
11,5,9.678112569110613,adr_tcn_central,ADR TCN-only (centralized),0.29316518,0.35053957,0.5411092,0.66730577
11,5,9.678112569110613,adr_lstm_central,ADR LSTM-only (centralized),0.29283884,0.35038137,0.54180825,0.66730577
11,5,9.678112569110613,adr_tcn_lstm_central,ADR TCN-LSTM (centralized),0.29092324,0.34847718,0.5395065,0.66075283
11,5,9.678112569110613,adr_tcn_lstm_federated,Proposed ADR TCN-LSTM (federated),0.2967046,0.35555634,0.5484933,0.6775418
11,10,6.477289161443913,fl_static_no_densification,Federated static DNN without temporal densification,0.24786186,0.42866042,0.39568046,0.5288856
11,10,6.477289161443913,single_pd_lstm_central,Single-PD/RSS LSTM (centralized),1.1376355,1.2829273,1.8704866,2.1538138
11,10,6.477289161443913,adr_tcn_central,ADR TCN-only (centralized),0.19659519,0.23443642,0.3692656,0.44079363
11,10,6.477289161443913,adr_lstm_central,ADR LSTM-only (centralized),0.19619988,0.23408273,0.36815253,0.4394049
11,10,6.477289161443913,adr_tcn_lstm_central,ADR TCN-LSTM (centralized),0.19434646,0.2315021,0.36550918,0.43520012
11,10,6.477289161443913,adr_tcn_lstm_federated,Proposed ADR TCN-LSTM (federated),0.20044525,0.24226353,0.38029614,0.4590318
11,15,4.370456435499681,fl_static_no_densification,Federated static DNN without temporal densification,0.18712087,0.39471886,0.26822278,0.35914457
11,15,4.370456435499681,single_pd_lstm_central,Single-PD/RSS LSTM (centralized),0.99649125,1.1373013,1.6406363,1.9239349
11,15,4.370456435499681,adr_tcn_central,ADR TCN-only (centralized),0.13567896,0.1640343,0.2556658,0.31512582
11,15,4.370456435499681,adr_lstm_central,ADR LSTM-only (centralized),0.1352807,0.16333741,0.25724474,0.31245157
11,15,4.370456435499681,adr_tcn_lstm_central,ADR TCN-LSTM (centralized),0.13342053,0.159833,0.252037,0.30099726
11,15,4.370456435499681,adr_tcn_lstm_federated,Proposed ADR TCN-LSTM (federated),0.13961329,0.1751202,0.26132873,0.3300432
11,20,3.0000000000000004,fl_static_no_densification,Federated static DNN without temporal densification,0.14847879,0.37930256,0.1850362,0.24766861
11,20,3.0000000000000004,single_pd_lstm_central,Single-PD/RSS LSTM (centralized),0.9296852,1.0655339,1.5357877,1.788225
11,20,3.0000000000000004,adr_tcn_central,ADR TCN-only (centralized),0.096980155,0.12231758,0.18145573,0.22757922
11,20,3.0000000000000004,adr_lstm_central,ADR LSTM-only (centralized),0.096592724,0.12115992,0.18127394,0.23107001
11,20,3.0000000000000004,adr_tcn_lstm_central,ADR TCN-LSTM (centralized),0.09471752,0.11657492,0.17972225,0.21835789
11,20,3.0000000000000004,adr_tcn_lstm_federated,Proposed ADR TCN-LSTM (federated),0.10090686,0.13673659,0.18165469,0.23519017
11,25,2.1297271778393787,fl_static_no_densification,Federated static DNN without temporal densification,0.1236058,0.37213966,0.13232891,0.17808071
11,25,2.1297271778393787,single_pd_lstm_central,Single-PD/RSS LSTM (centralized),0.9035774,1.0367358,1.4972358,1.7496245
11,25,2.1297271778393787,adr_tcn_central,ADR TCN-only (centralized),0.07208667,0.09791195,0.13098405,0.16761322
11,25,2.1297271778393787,adr_lstm_central,ADR LSTM-only (centralized),0.071710825,0.096282594,0.12991118,0.16733721
11,25,2.1297271778393787,adr_tcn_lstm_central,ADR TCN-LSTM (centralized),0.06982828,0.09058876,0.12914887,0.1620823
11,25,2.1297271778393787,adr_tcn_lstm_federated,Proposed ADR TCN-LSTM (federated),0.075993516,0.1153134,0.13037756,0.16893227
11,30,1.6008373651881906,fl_static_no_densification,Federated static DNN without temporal densification,0.108475596,0.36890274,0.099136196,0.13308588
11,30,1.6008373651881906,single_pd_lstm_central,Single-PD/RSS LSTM (centralized),0.89456576,1.0266848,1.4816843,1.7235281
11,30,1.6008373651881906,adr_tcn_central,ADR TCN-only (centralized),0.056951184,0.08485121,0.09870485,0.13147596
11,30,1.6008373651881906,adr_lstm_central,ADR LSTM-only (centralized),0.056579534,0.082826726,0.09870485,0.1302046
11,30,1.6008373651881906,adr_tcn_lstm_central,ADR TCN-LSTM (centralized),0.054697383,0.07623991,0.09777583,0.12479174
11,30,1.6008373651881906,adr_tcn_lstm_federated,Proposed ADR TCN-LSTM (federated),0.06083907,0.10435653,0.09845391,0.13145329
11,35,1.3002513113090588,fl_static_no_densification,Federated static DNN without temporal densification,0.09986178,0.36746436,0.080238424,0.10826704
11,35,1.3002513113090588,single_pd_lstm_central,Single-PD/RSS LSTM (centralized),0.8916412,1.0234154,1.4766657,1.7162374
11,35,1.3002513113090588,adr_tcn_central,ADR TCN-only (centralized),0.04833577,0.07841434,0.080163725,0.1068586
11,35,1.3002513113090588,adr_lstm_central,ADR LSTM-only (centralized),0.04796646,0.07613185,0.08010962,0.1068586
11,35,1.3002513113090588,adr_tcn_lstm_central,ADR TCN-LSTM (centralized),0.04608717,0.068981186,0.0800316,0.10448835
11,35,1.3002513113090588,adr_tcn_lstm_federated,Proposed ADR TCN-LSTM (federated),0.052212045,0.0991341,0.0800316,0.10619046
11,40,1.142473721008936,fl_static_no_densification,Federated static DNN without temporal densification,0.095329784,0.36682478,0.070508935,0.095078446
11,40,1.142473721008936,single_pd_lstm_central,Single-PD/RSS LSTM (centralized),0.89071697,1.0223845,1.4739815,1.7164397
11,40,1.142473721008936,adr_tcn_central,ADR TCN-only (centralized),0.043803543,0.07539304,0.0704872,0.094465464
11,40,1.142473721008936,adr_lstm_central,ADR LSTM-only (centralized),0.043435402,0.072967604,0.0703235,0.094465464
11,40,1.142473721008936,adr_tcn_lstm_central,ADR TCN-LSTM (centralized),0.04155793,0.065512255,0.0703235,0.09379055
11,40,1.142473721008936,adr_tcn_lstm_federated,Proposed ADR TCN-LSTM (federated),0.047673326,0.0967286,0.0703235,0.09443849
23,0,14.514365903196108,fl_static_no_densification,Federated static DNN without temporal densification,0.52935934,0.70331496,0.99860567,1.410365
23,0,14.514365903196108,single_pd_lstm_central,Single-PD/RSS LSTM (centralized),1.6378337,1.7755618,2.5150006,2.720617
23,0,14.514365903196108,adr_tcn_central,ADR TCN-only (centralized),0.4589228,0.5564853,0.87826055,1.0654825
23,0,14.514365903196108,adr_lstm_central,ADR LSTM-only (centralized),0.4593941,0.5570735,0.8780962,1.0654825
23,0,14.514365903196108,adr_tcn_lstm_central,ADR TCN-LSTM (centralized),0.4577052,0.555454,0.8780962,1.0654825
23,0,14.514365903196108,adr_tcn_lstm_federated,Proposed ADR TCN-LSTM (federated),0.4613114,0.55821717,0.8800921,1.0660214
23,5,9.678112569110613,fl_static_no_densification,Federated static DNN without temporal densification,0.36826718,0.5601294,0.63242346,0.9194061
23,5,9.678112569110613,single_pd_lstm_central,Single-PD/RSS LSTM (centralized),1.3623039,1.5053873,2.1725867,2.379553
23,5,9.678112569110613,adr_tcn_central,ADR TCN-only (centralized),0.2975459,0.35861284,0.5592245,0.6753706
23,5,9.678112569110613,adr_lstm_central,ADR LSTM-only (centralized),0.2976758,0.35909513,0.5616521,0.6756811
23,5,9.678112569110613,adr_tcn_lstm_central,ADR TCN-LSTM (centralized),0.29570922,0.35651055,0.5556262,0.67351353
23,5,9.678112569110613,adr_tcn_lstm_federated,Proposed ADR TCN-LSTM (federated),0.30034298,0.36169398,0.5632401,0.6841026
23,10,6.477289161443913,fl_static_no_densification,Federated static DNN without temporal densification,0.2706346,0.49347016,0.4181194,0.5963948
23,10,6.477289161443913,single_pd_lstm_central,Single-PD/RSS LSTM (centralized),1.1310016,1.2756956,1.8461534,2.0830278
23,10,6.477289161443913,adr_tcn_central,ADR TCN-only (centralized),0.19995555,0.24185759,0.38040236,0.46097732
23,10,6.477289161443913,adr_lstm_central,ADR LSTM-only (centralized),0.19992481,0.24203174,0.37718624,0.46171886
23,10,6.477289161443913,adr_tcn_lstm_central,ADR TCN-LSTM (centralized),0.19785099,0.2383203,0.37185535,0.4525839
23,10,6.477289161443913,adr_tcn_lstm_federated,Proposed ADR TCN-LSTM (federated),0.20295618,0.24662654,0.3837967,0.4694974
23,15,4.370456435499681,fl_static_no_densification,Federated static DNN without temporal densification,0.20936483,0.4630869,0.28230366,0.400699
23,15,4.370456435499681,single_pd_lstm_central,Single-PD/RSS LSTM (centralized),0.99375176,1.1325756,1.6264344,1.8784605
23,15,4.370456435499681,adr_tcn_central,ADR TCN-only (centralized),0.13882953,0.17206211,0.2615404,0.33154973
23,15,4.370456435499681,adr_lstm_central,ADR LSTM-only (centralized),0.13874939,0.17187802,0.26304582,0.3314918
23,15,4.370456435499681,adr_tcn_lstm_central,ADR TCN-LSTM (centralized),0.136615,0.16670412,0.2587664,0.31859478
23,15,4.370456435499681,adr_tcn_lstm_federated,Proposed ADR TCN-LSTM (federated),0.14188235,0.17878345,0.27110153,0.34514353
23,20,3.0000000000000004,fl_static_no_densification,Federated static DNN without temporal densification,0.16990767,0.44923845,0.1958879,0.26951194
23,20,3.0000000000000004,single_pd_lstm_central,Single-PD/RSS LSTM (centralized),0.9293082,1.0628674,1.5311294,1.7616677
23,20,3.0000000000000004,adr_tcn_central,ADR TCN-only (centralized),0.09948699,0.13074644,0.18466085,0.23892368
23,20,3.0000000000000004,adr_lstm_central,ADR LSTM-only (centralized),0.09939141,0.13020778,0.1868572,0.24159482
23,20,3.0000000000000004,adr_tcn_lstm_central,ADR TCN-LSTM (centralized),0.09722268,0.123386435,0.18372467,0.23353931
23,20,3.0000000000000004,adr_tcn_lstm_federated,Proposed ADR TCN-LSTM (federated),0.102544494,0.13949054,0.19379021,0.25659284
23,25,2.1297271778393787,fl_static_no_densification,Federated static DNN without temporal densification,0.14488415,0.44300517,0.13865788,0.19008733
23,25,2.1297271778393787,single_pd_lstm_central,Single-PD/RSS LSTM (centralized),0.90417385,1.0351311,1.4919184,1.7110465
23,25,2.1297271778393787,adr_tcn_central,ADR TCN-only (centralized),0.074547194,0.10776048,0.13718714,0.1769793
23,25,2.1297271778393787,adr_lstm_central,ADR LSTM-only (centralized),0.074447274,0.1069395,0.13623945,0.17820434
23,25,2.1297271778393787,adr_tcn_lstm_central,ADR TCN-LSTM (centralized),0.07227149,0.09859704,0.1342817,0.17395212
23,25,2.1297271778393787,adr_tcn_lstm_federated,Proposed ADR TCN-LSTM (federated),0.077596694,0.11822616,0.13788837,0.1859399
23,30,1.6008373651881906,fl_static_no_densification,Federated static DNN without temporal densification,0.12977941,0.44025916,0.104589924,0.14494719
23,30,1.6008373651881906,single_pd_lstm_central,Single-PD/RSS LSTM (centralized),0.8954709,1.025495,1.4757292,1.6986231
23,30,1.6008373651881906,adr_tcn_central,ADR TCN-only (centralized),0.0594974,0.09611082,0.10343797,0.13824603
23,30,1.6008373651881906,adr_lstm_central,ADR LSTM-only (centralized),0.059398357,0.09509976,0.10401033,0.13778579
23,30,1.6008373651881906,adr_tcn_lstm_central,ADR TCN-LSTM (centralized),0.05722173,0.085658245,0.10281893,0.13623405
23,30,1.6008373651881906,adr_tcn_lstm_federated,Proposed ADR TCN-LSTM (federated),0.06254079,0.107719526,0.10405862,0.14038932
23,35,1.3002513113090588,fl_static_no_densification,Federated static DNN without temporal densification,0.12119809,0.4390381,0.08479224,0.11772629
23,35,1.3002513113090588,single_pd_lstm_central,Single-PD/RSS LSTM (centralized),0.89261883,1.0223786,1.4697062,1.6951429
23,35,1.3002513113090588,adr_tcn_central,ADR TCN-only (centralized),0.05094757,0.09051069,0.084009886,0.11317656
23,35,1.3002513113090588,adr_lstm_central,ADR LSTM-only (centralized),0.05085039,0.089393154,0.084009886,0.11317656
23,35,1.3002513113090588,adr_tcn_lstm_central,ADR TCN-LSTM (centralized),0.04867431,0.07930213,0.08384158,0.11202945
23,35,1.3002513113090588,adr_tcn_lstm_federated,Proposed ADR TCN-LSTM (federated),0.05398739,0.10275822,0.08404605,0.114891246
23,40,1.142473721008936,fl_static_no_densification,Federated static DNN without temporal densification,0.116677925,0.4384964,0.074426025,0.105036385
23,40,1.142473721008936,single_pd_lstm_central,Single-PD/RSS LSTM (centralized),0.89170045,1.0214075,1.4672803,1.6960347
23,40,1.142473721008936,adr_tcn_central,ADR TCN-only (centralized),0.04644403,0.08793107,0.07391707,0.10005955
23,40,1.142473721008936,adr_lstm_central,ADR LSTM-only (centralized),0.046348244,0.08675961,0.07391707,0.101191305
23,40,1.142473721008936,adr_tcn_lstm_central,ADR TCN-LSTM (centralized),0.044172946,0.07633648,0.07386666,0.09862913
23,40,1.142473721008936,adr_tcn_lstm_federated,Proposed ADR TCN-LSTM (federated),0.04948237,0.10049626,0.07391707,0.101323366
37,0,14.514365903196108,fl_static_no_densification,Federated static DNN without temporal densification,0.5527882,0.72869736,1.0272311,1.3373053
37,0,14.514365903196108,single_pd_lstm_central,Single-PD/RSS LSTM (centralized),1.6286094,1.7783821,2.5286252,2.744691
37,0,14.514365903196108,adr_tcn_central,ADR TCN-only (centralized),0.4929864,0.5968151,0.93182945,1.1241989
37,0,14.514365903196108,adr_lstm_central,ADR LSTM-only (centralized),0.49128675,0.59564847,0.93182945,1.1241989
37,0,14.514365903196108,adr_tcn_lstm_central,ADR TCN-LSTM (centralized),0.49129972,0.59555966,0.93163663,1.1241989
37,0,14.514365903196108,adr_tcn_lstm_federated,Proposed ADR TCN-LSTM (federated),0.4968206,0.60068595,0.94253767,1.1285756
37,5,9.678112569110613,fl_static_no_densification,Federated static DNN without temporal densification,0.3712741,0.5629335,0.6496176,0.87934005
37,5,9.678112569110613,single_pd_lstm_central,Single-PD/RSS LSTM (centralized),1.3574387,1.5103601,2.173024,2.4178889
37,5,9.678112569110613,adr_tcn_central,ADR TCN-only (centralized),0.3102778,0.3755688,0.5910529,0.704949
37,5,9.678112569110613,adr_lstm_central,ADR LSTM-only (centralized),0.30896142,0.37430042,0.5905715,0.70527583
37,5,9.678112569110613,adr_tcn_lstm_central,ADR TCN-LSTM (centralized),0.30846855,0.37385124,0.5910529,0.7016381
37,5,9.678112569110613,adr_tcn_lstm_federated,Proposed ADR TCN-LSTM (federated),0.31491983,0.3824888,0.6083511,0.7285366
37,10,6.477289161443913,fl_static_no_densification,Federated static DNN without temporal densification,0.2676629,0.48866856,0.42104962,0.579373
37,10,6.477289161443913,single_pd_lstm_central,Single-PD/RSS LSTM (centralized),1.126078,1.2785153,1.8553095,2.1012888
37,10,6.477289161443913,adr_tcn_central,ADR TCN-only (centralized),0.20606251,0.24996486,0.39695105,0.4774296
37,10,6.477289161443913,adr_lstm_central,ADR LSTM-only (centralized),0.20500192,0.24856378,0.39391154,0.46587837
37,10,6.477289161443913,adr_tcn_lstm_central,ADR TCN-LSTM (centralized),0.204284,0.24768803,0.3940186,0.46624085
37,10,6.477289161443913,adr_tcn_lstm_federated,Proposed ADR TCN-LSTM (federated),0.21122847,0.26093832,0.40848356,0.4929609
37,15,4.370456435499681,fl_static_no_densification,Federated static DNN without temporal densification,0.20428216,0.45565102,0.28367382,0.38240474
37,15,4.370456435499681,single_pd_lstm_central,Single-PD/RSS LSTM (centralized),0.98469186,1.1313299,1.6419492,1.8692844
37,15,4.370456435499681,adr_tcn_central,ADR TCN-only (centralized),0.14242503,0.17631224,0.27307767,0.33762994
37,15,4.370456435499681,adr_lstm_central,ADR LSTM-only (centralized),0.14148557,0.17471401,0.26963252,0.32717317
37,15,4.370456435499681,adr_tcn_lstm_central,ADR TCN-LSTM (centralized),0.14071439,0.17337301,0.26848462,0.32804528
37,15,4.370456435499681,adr_tcn_lstm_federated,Proposed ADR TCN-LSTM (federated),0.14785299,0.1920514,0.27862617,0.34736103
37,20,3.0000000000000004,fl_static_no_densification,Federated static DNN without temporal densification,0.16378391,0.44091037,0.19379736,0.26529798
37,20,3.0000000000000004,single_pd_lstm_central,Single-PD/RSS LSTM (centralized),0.91753876,1.0583905,1.5346211,1.7654866
37,20,3.0000000000000004,adr_tcn_central,ADR TCN-only (centralized),0.10181356,0.1333501,0.19010505,0.24118432
37,20,3.0000000000000004,adr_lstm_central,ADR LSTM-only (centralized),0.10092953,0.13144103,0.18978244,0.23676357
37,20,3.0000000000000004,adr_tcn_lstm_central,ADR TCN-LSTM (centralized),0.10015602,0.12964205,0.18927176,0.23427649
37,20,3.0000000000000004,adr_tcn_lstm_federated,Proposed ADR TCN-LSTM (federated),0.10736175,0.15381159,0.19259892,0.25204447
37,25,2.1297271778393787,fl_static_no_densification,Federated static DNN without temporal densification,0.13798894,0.43422946,0.13823658,0.18884096
37,25,2.1297271778393787,single_pd_lstm_central,Single-PD/RSS LSTM (centralized),0.8909392,1.0285767,1.4881762,1.7156738
37,25,2.1297271778393787,adr_tcn_central,ADR TCN-only (centralized),0.07596471,0.10908814,0.13561325,0.1732688
37,25,2.1297271778393787,adr_lstm_central,ADR LSTM-only (centralized),0.07510287,0.10683838,0.13561325,0.17162785
37,25,2.1297271778393787,adr_tcn_lstm_central,ADR TCN-LSTM (centralized),0.07434079,0.10464174,0.13497838,0.17049773
37,25,2.1297271778393787,adr_tcn_lstm_federated,Proposed ADR TCN-LSTM (federated),0.08156661,0.13343228,0.13734621,0.18109965
37,30,1.6008373651881906,fl_static_no_densification,Federated static DNN without temporal densification,0.12232104,0.43125266,0.104396164,0.13827333
37,30,1.6008373651881906,single_pd_lstm_central,Single-PD/RSS LSTM (centralized),0.88158137,1.0178977,1.4706612,1.7053841
37,30,1.6008373651881906,adr_tcn_central,ADR TCN-only (centralized),0.06027248,0.09649459,0.10328029,0.13296178
37,30,1.6008373651881906,adr_lstm_central,ADR LSTM-only (centralized),0.05941621,0.093970455,0.10328029,0.13198984
37,30,1.6008373651881906,adr_tcn_lstm_central,ADR TCN-LSTM (centralized),0.058665335,0.0914951,0.102204286,0.12922771
37,30,1.6008373651881906,adr_tcn_lstm_federated,Proposed ADR TCN-LSTM (federated),0.06589695,0.12338375,0.10423416,0.13636173
37,35,1.3002513113090588,fl_static_no_densification,Federated static DNN without temporal densification,0.11347634,0.42993924,0.0846515,0.111799955
37,35,1.3002513113090588,single_pd_lstm_central,Single-PD/RSS LSTM (centralized),0.878462,1.0142984,1.4665971,1.7008438
37,35,1.3002513113090588,adr_tcn_central,ADR TCN-only (centralized),0.051417414,0.09042031,0.08400792,0.1096697
37,35,1.3002513113090588,adr_lstm_central,ADR LSTM-only (centralized),0.05056115,0.08772404,0.083983295,0.10924799
37,35,1.3002513113090588,adr_tcn_lstm_central,ADR TCN-LSTM (centralized),0.049817376,0.08508826,0.083649784,0.10518087
37,35,1.3002513113090588,adr_tcn_lstm_federated,Proposed ADR TCN-LSTM (federated),0.057051204,0.118702255,0.0846515,0.11167184
37,40,1.142473721008936,fl_static_no_densification,Federated static DNN without temporal densification,0.10882929,0.42935687,0.0745818,0.09823043
37,40,1.142473721008936,single_pd_lstm_central,Single-PD/RSS LSTM (centralized),0.8774338,1.0130992,1.467396,1.6985896
37,40,1.142473721008936,adr_tcn_central,ADR TCN-only (centralized),0.046766084,0.08760191,0.0737955,0.09666394
37,40,1.142473721008936,adr_lstm_central,ADR LSTM-only (centralized),0.045908667,0.084812574,0.07398479,0.09667298
37,40,1.142473721008936,adr_tcn_lstm_central,ADR TCN-LSTM (centralized),0.045168985,0.082096405,0.0734919,0.09458974
37,40,1.142473721008936,adr_tcn_lstm_federated,Proposed ADR TCN-LSTM (federated),0.052403573,0.11657053,0.0745818,0.09817474
53,0,14.514365903196108,fl_static_no_densification,Federated static DNN without temporal densification,0.55700046,0.7414904,1.0342758,1.4362695
53,0,14.514365903196108,single_pd_lstm_central,Single-PD/RSS LSTM (centralized),1.6665598,1.8221387,2.572249,2.786872
53,0,14.514365903196108,adr_tcn_central,ADR TCN-only (centralized),0.4828312,0.58366436,0.9183274,1.1101779
53,0,14.514365903196108,adr_lstm_central,ADR LSTM-only (centralized),0.48117173,0.5820825,0.91763234,1.102576
53,0,14.514365903196108,adr_tcn_lstm_central,ADR TCN-LSTM (centralized),0.48049536,0.58170456,0.9139132,1.102576
53,0,14.514365903196108,adr_tcn_lstm_federated,Proposed ADR TCN-LSTM (federated),0.48473364,0.58475256,0.91855884,1.102576
53,5,9.678112569110613,fl_static_no_densification,Federated static DNN without temporal densification,0.37835664,0.5853063,0.6427728,0.89881223
53,5,9.678112569110613,single_pd_lstm_central,Single-PD/RSS LSTM (centralized),1.3973494,1.5555414,2.2278364,2.4817955
53,5,9.678112569110613,adr_tcn_central,ADR TCN-only (centralized),0.3025718,0.36300978,0.574666,0.67467105
53,5,9.678112569110613,adr_lstm_central,ADR LSTM-only (centralized),0.30062035,0.36066148,0.5708824,0.66812956
53,5,9.678112569110613,adr_tcn_lstm_central,ADR TCN-LSTM (centralized),0.3001099,0.36002913,0.57037944,0.66812956
53,5,9.678112569110613,adr_tcn_lstm_federated,Proposed ADR TCN-LSTM (federated),0.30529192,0.36550328,0.5775034,0.6759364
53,10,6.477289161443913,fl_static_no_densification,Federated static DNN without temporal densification,0.27843353,0.52051055,0.42189458,0.56951195
53,10,6.477289161443913,single_pd_lstm_central,Single-PD/RSS LSTM (centralized),1.166868,1.3243568,1.9094881,2.161578
53,10,6.477289161443913,adr_tcn_central,ADR TCN-only (centralized),0.2017911,0.24353959,0.38717768,0.45981234
53,10,6.477289161443913,adr_lstm_central,ADR LSTM-only (centralized),0.19972719,0.24023916,0.38349915,0.45681292
53,10,6.477289161443913,adr_tcn_lstm_central,ADR TCN-LSTM (centralized),0.19928788,0.23931143,0.38330457,0.45609596
53,10,6.477289161443913,adr_tcn_lstm_federated,Proposed ADR TCN-LSTM (federated),0.20505093,0.24800439,0.39495093,0.4672689
53,15,4.370456435499681,fl_static_no_densification,Federated static DNN without temporal densification,0.2171515,0.49184802,0.28613007,0.38416857
53,15,4.370456435499681,single_pd_lstm_central,Single-PD/RSS LSTM (centralized),1.0242561,1.1770772,1.6897652,1.9280304
53,15,4.370456435499681,adr_tcn_central,ADR TCN-only (centralized),0.14010386,0.17305443,0.2678309,0.3226002
53,15,4.370456435499681,adr_lstm_central,ADR LSTM-only (centralized),0.13802283,0.16850692,0.2655126,0.3184021
53,15,4.370456435499681,adr_tcn_lstm_central,ADR TCN-LSTM (centralized),0.1375947,0.16722251,0.26363003,0.31662205
53,15,4.370456435499681,adr_tcn_lstm_federated,Proposed ADR TCN-LSTM (federated),0.14360484,0.17966667,0.27725127,0.33314633
53,20,3.0000000000000004,fl_static_no_densification,Federated static DNN without temporal densification,0.17739485,0.47868603,0.19646578,0.261965
53,20,3.0000000000000004,single_pd_lstm_central,Single-PD/RSS LSTM (centralized),0.95665956,1.104604,1.5822195,1.8250512
53,20,3.0000000000000004,adr_tcn_central,ADR TCN-only (centralized),0.10014704,0.13043489,0.19056895,0.22973773
53,20,3.0000000000000004,adr_lstm_central,ADR LSTM-only (centralized),0.09808233,0.12444654,0.1879449,0.22649333
53,20,3.0000000000000004,adr_tcn_lstm_central,ADR TCN-LSTM (centralized),0.09762267,0.122714095,0.1879449,0.22576217
53,20,3.0000000000000004,adr_tcn_lstm_federated,Proposed ADR TCN-LSTM (federated),0.10375371,0.13927004,0.19423065,0.24058689
53,25,2.1297271778393787,fl_static_no_densification,Federated static DNN without temporal densification,0.15243608,0.47287706,0.141281,0.18754995
53,25,2.1297271778393787,single_pd_lstm_central,Single-PD/RSS LSTM (centralized),0.93030757,1.0755259,1.5346686,1.7772939
53,25,2.1297271778393787,adr_tcn_central,ADR TCN-only (centralized),0.07508887,0.10681407,0.13778265,0.17274438
53,25,2.1297271778393787,adr_lstm_central,ADR LSTM-only (centralized),0.07303503,0.099489614,0.13635965,0.16497931
53,25,2.1297271778393787,adr_tcn_lstm_central,ADR TCN-LSTM (centralized),0.0725501,0.09731731,0.13545391,0.16632493
53,25,2.1297271778393787,adr_tcn_lstm_federated,Proposed ADR TCN-LSTM (federated),0.07873637,0.11750184,0.14100462,0.18446752
53,30,1.6008373651881906,fl_static_no_densification,Federated static DNN without temporal densification,0.13705845,0.47022796,0.10661869,0.14121963
53,30,1.6008373651881906,single_pd_lstm_central,Single-PD/RSS LSTM (centralized),0.9212277,1.065375,1.5181043,1.760961
53,30,1.6008373651881906,adr_tcn_central,ADR TCN-only (centralized),0.059665967,0.09421246,0.10513439,0.1335385
53,30,1.6008373651881906,adr_lstm_central,ADR LSTM-only (centralized),0.05761446,0.085853025,0.10424844,0.13036594
53,30,1.6008373651881906,adr_tcn_lstm_central,ADR TCN-LSTM (centralized),0.057114277,0.08333093,0.10341257,0.1291975
53,30,1.6008373651881906,adr_tcn_lstm_federated,Proposed ADR TCN-LSTM (federated),0.063321866,0.10616713,0.10661869,0.1404251
53,35,1.3002513113090588,fl_static_no_densification,Federated static DNN without temporal densification,0.12826566,0.46903944,0.08625325,0.114724554
53,35,1.3002513113090588,single_pd_lstm_central,Single-PD/RSS LSTM (centralized),0.91830605,1.0620902,1.5146983,1.7537794
53,35,1.3002513113090588,adr_tcn_central,ADR TCN-only (centralized),0.0508542,0.08799151,0.08543511,0.11009955
53,35,1.3002513113090588,adr_lstm_central,ADR LSTM-only (centralized),0.048800178,0.07899526,0.08471478,0.10773522
53,35,1.3002513113090588,adr_tcn_lstm_central,ADR TCN-LSTM (centralized),0.048292138,0.076250575,0.08394269,0.106644146
53,35,1.3002513113090588,adr_tcn_lstm_federated,Proposed ADR TCN-LSTM (federated),0.054507956,0.100671865,0.08625325,0.114724554
53,40,1.142473721008936,fl_static_no_densification,Federated static DNN without temporal densification,0.12364692,0.46851543,0.075705335,0.10053992
53,40,1.142473721008936,single_pd_lstm_central,Single-PD/RSS LSTM (centralized),0.9174004,1.0610678,1.5142318,1.7502751
53,40,1.142473721008936,adr_tcn_central,ADR TCN-only (centralized),0.046228353,0.085106336,0.07510684,0.09789915
53,40,1.142473721008936,adr_lstm_central,ADR LSTM-only (centralized),0.044171087,0.07577773,0.074670605,0.096798174
53,40,1.142473721008936,adr_tcn_lstm_central,ADR TCN-LSTM (centralized),0.043659233,0.07291446,0.07411475,0.09459773
53,40,1.142473721008936,adr_tcn_lstm_federated,Proposed ADR TCN-LSTM (federated),0.049878035,0.09814816,0.075705335,0.10053992
71,0,14.514365903196108,fl_static_no_densification,Federated static DNN without temporal densification,0.53024113,0.7068514,1.0120852,1.3658634
71,0,14.514365903196108,single_pd_lstm_central,Single-PD/RSS LSTM (centralized),1.6756306,1.7973157,2.4719982,2.728106
71,0,14.514365903196108,adr_tcn_central,ADR TCN-only (centralized),0.46354344,0.56336415,0.8844955,1.071873
71,0,14.514365903196108,adr_lstm_central,ADR LSTM-only (centralized),0.46483454,0.5643091,0.88494855,1.071873
71,0,14.514365903196108,adr_tcn_lstm_central,ADR TCN-LSTM (centralized),0.46178347,0.5620949,0.8804912,1.071873
71,0,14.514365903196108,adr_tcn_lstm_federated,Proposed ADR TCN-LSTM (federated),0.4652817,0.5648201,0.88474274,1.071873
71,5,9.678112569110613,fl_static_no_densification,Federated static DNN without temporal densification,0.3650352,0.557283,0.6173884,0.9253645
71,5,9.678112569110613,single_pd_lstm_central,Single-PD/RSS LSTM (centralized),1.3986961,1.5249707,2.1367567,2.3996959
71,5,9.678112569110613,adr_tcn_central,ADR TCN-only (centralized),0.29711652,0.3564284,0.54765487,0.6643158
71,5,9.678112569110613,adr_lstm_central,ADR LSTM-only (centralized),0.29816818,0.35769743,0.5514547,0.6709439
71,5,9.678112569110613,adr_tcn_lstm_central,ADR TCN-LSTM (centralized),0.2950805,0.354203,0.54375887,0.6598738
71,5,9.678112569110613,adr_tcn_lstm_federated,Proposed ADR TCN-LSTM (federated),0.29918304,0.35943735,0.55256855,0.67844886
71,10,6.477289161443913,fl_static_no_densification,Federated static DNN without temporal densification,0.26746708,0.4912984,0.41178694,0.57899815
71,10,6.477289161443913,single_pd_lstm_central,Single-PD/RSS LSTM (centralized),1.1628989,1.2914959,1.819711,2.090884
71,10,6.477289161443913,adr_tcn_central,ADR TCN-only (centralized),0.19880691,0.23924473,0.37463528,0.4599933
71,10,6.477289161443913,adr_lstm_central,ADR LSTM-only (centralized),0.19969642,0.24090797,0.37384295,0.46564832
71,10,6.477289161443913,adr_tcn_lstm_central,ADR TCN-LSTM (centralized),0.19674161,0.23585406,0.36516893,0.44581428
71,10,6.477289161443913,adr_tcn_lstm_federated,Proposed ADR TCN-LSTM (federated),0.20114125,0.24422331,0.37923852,0.4762289
71,15,4.370456435499681,fl_static_no_densification,Federated static DNN without temporal densification,0.20673269,0.46118197,0.27775556,0.37790942
71,15,4.370456435499681,single_pd_lstm_central,Single-PD/RSS LSTM (centralized),1.0204021,1.1460586,1.6202284,1.8907493
71,15,4.370456435499681,adr_tcn_central,ADR TCN-only (centralized),0.13772486,0.16823931,0.26314408,0.33024958
71,15,4.370456435499681,adr_lstm_central,ADR LSTM-only (centralized),0.13854833,0.17041877,0.2607749,0.3285104
71,15,4.370456435499681,adr_tcn_lstm_central,ADR TCN-LSTM (centralized),0.13568339,0.16338748,0.25776917,0.3144794
71,15,4.370456435499681,adr_tcn_lstm_federated,Proposed ADR TCN-LSTM (federated),0.14018628,0.17550917,0.26314408,0.33583808
71,20,3.0000000000000004,fl_static_no_densification,Federated static DNN without temporal densification,0.16751851,0.44762877,0.18939836,0.25654152
71,20,3.0000000000000004,single_pd_lstm_central,Single-PD/RSS LSTM (centralized),0.954391,1.0759063,1.5215205,1.7782885
71,20,3.0000000000000004,adr_tcn_central,ADR TCN-only (centralized),0.09834807,0.12603071,0.18269011,0.24191144
71,20,3.0000000000000004,adr_lstm_central,ADR LSTM-only (centralized),0.09917457,0.12885368,0.18491521,0.24060988
71,20,3.0000000000000004,adr_tcn_lstm_central,ADR TCN-LSTM (centralized),0.09632271,0.11955056,0.18183678,0.23394023
71,20,3.0000000000000004,adr_tcn_lstm_federated,Proposed ADR TCN-LSTM (federated),0.10085553,0.13568167,0.18331525,0.24191144
71,25,2.1297271778393787,fl_static_no_densification,Federated static DNN without temporal densification,0.14261828,0.44149747,0.13388216,0.1822345
71,25,2.1297271778393787,single_pd_lstm_central,Single-PD/RSS LSTM (centralized),0.92879796,1.0481174,1.4744906,1.7196488
71,25,2.1297271778393787,adr_tcn_central,ADR TCN-only (centralized),0.07336432,0.1019116,0.13187838,0.17444842
71,25,2.1297271778393787,adr_lstm_central,ADR LSTM-only (centralized),0.07420312,0.10534879,0.13276829,0.17610969
71,25,2.1297271778393787,adr_tcn_lstm_central,ADR TCN-LSTM (centralized),0.07134196,0.09385298,0.13187838,0.1737689
71,25,2.1297271778393787,adr_tcn_lstm_federated,Proposed ADR TCN-LSTM (federated),0.07589034,0.11364835,0.13286006,0.17550194
71,30,1.6008373651881906,fl_static_no_densification,Federated static DNN without temporal densification,0.12739763,0.4387564,0.1005449,0.13743572
71,30,1.6008373651881906,single_pd_lstm_central,Single-PD/RSS LSTM (centralized),0.9199645,1.0384113,1.4569571,1.70061
71,30,1.6008373651881906,adr_tcn_central,ADR TCN-only (centralized),0.058097485,0.08916266,0.099189214,0.13426101
71,30,1.6008373651881906,adr_lstm_central,ADR LSTM-only (centralized),0.058945753,0.09305634,0.100385725,0.13595736
71,30,1.6008373651881906,adr_tcn_lstm_central,ADR TCN-LSTM (centralized),0.056070488,0.07987792,0.10015212,0.13435963
71,30,1.6008373651881906,adr_tcn_lstm_federated,Proposed ADR TCN-LSTM (federated),0.06063599,0.10238781,0.10015212,0.13638304
71,35,1.3002513113090588,fl_static_no_densification,Federated static DNN without temporal densification,0.118790776,0.4375398,0.081699714,0.11185934
71,35,1.3002513113090588,single_pd_lstm_central,Single-PD/RSS LSTM (centralized),0.91707385,1.0352107,1.4499109,1.6974493
71,35,1.3002513113090588,adr_tcn_central,ADR TCN-only (centralized),0.04946448,0.08289575,0.08078826,0.10977415
71,35,1.3002513113090588,adr_lstm_central,ADR LSTM-only (centralized),0.05031916,0.08706259,0.081699714,0.11149145
71,35,1.3002513113090588,adr_tcn_lstm_central,ADR TCN-LSTM (centralized),0.04743493,0.0728523,0.08143643,0.111428425
71,35,1.3002513113090588,adr_tcn_lstm_federated,Proposed ADR TCN-LSTM (federated),0.05200977,0.09698269,0.08143643,0.11147508
71,40,1.142473721008936,fl_static_no_densification,Federated static DNN without temporal densification,0.114268474,0.43700108,0.07200521,0.09842033
71,40,1.142473721008936,single_pd_lstm_central,Single-PD/RSS LSTM (centralized),0.91614354,1.0341728,1.4476953,1.6974567
71,40,1.142473721008936,adr_tcn_central,ADR TCN-only (centralized),0.044929646,0.07996804,0.07147847,0.096209146
71,40,1.142473721008936,adr_lstm_central,ADR LSTM-only (centralized),0.04578742,0.08427588,0.07200521,0.098196805
71,40,1.142473721008936,adr_tcn_lstm_central,ADR TCN-LSTM (centralized),0.042897377,0.069520704,0.0715437,0.097952574
71,40,1.142473721008936,adr_tcn_lstm_federated,Proposed ADR TCN-LSTM (federated),0.04747749,0.09449167,0.071733736,0.097952574
